utr_id,sender_upi,receiver_upi,amount,bank,fraud
INDD934C33FA6,user5183@okyesbank,user3054@okicici,49158.02,IndusInd,0
KOT549776BD72,user3420@okaxis,user7834@okhdfcbank,36565.02,Kotak,0
YES80F1BAD8A6,user2213@okaxis,user4070@okaxis,20607.01,YesBank,0
SBI32BF63D84B,user7320@okicici,user8184@okyesbank,37095.48,SBI,1
ICICF55561315,user3777@okyesbank,user7190@okhdfcbank,25580.57,ICICI,0
AXI99463DD88A,user8843@oksbi,user4232@okyesbank,18574.62,Axis,0
SBI131D28A6D7,user6597@okhdfcbank,user1190@okicici,46661.45,SBI,0
ICI35E2BC58CB,user7823@okhdfcbank,user4238@okhdfcbank,38357.39,ICICI,0
SBIDB89313F0E,user8331@okhdfcbank,user9511@okhdfcbank,18025.92,SBI,0
BOB248478F3BB,user1315@okaxis,user7540@okicici,23664.97,BOB,0
PNB2FD7EDCDFB,user9135@okhdfcbank,user4534@okhdfcbank,17700.55,PNB,0
SBI3E55B470FF,user5225@oksbi,user9948@okicici,21065.16,SBI,1
ICI03EEBFCC2A,user4878@okaxis,user2862@oksbi,33270.07,ICICI,0
ICI7F6A1528CB,user3693@okyesbank,user6261@oksbi,27270.86,ICICI,0
KOT1D97F135AB,user1075@okaxis,user9895@okhdfcbank,25619.14,Kotak,0
BOBDC804262A0,user6621@okaxis,user1525@okhdfcbank,26526.12,BOB,0
CAN1D7FB57718,user2653@okhdfcbank,user4581@okaxis,23939.26,Canara,0
INDC5CD1EAFF8,user1986@okhdfcbank,user7990@okaxis,27578.11,IndusInd,0
YES10E26EF643,user4450@okyesbank,user6610@okicici,30954.39,YesBank,0
KOT59D86CA353,user3433@okicici,user3078@oksbi,47634.31,Kotak,0
BOB8DFED89608,user6348@okyesbank,user5310@okhdfcbank,44005.37,BOB,0
HDFE49D1D2EDD,user5019@okicici,user3000@okaxis,18707.2,HDFC,0
KOTC0CB878782,user8691@okicici,user1299@okicici,33630.68,Kotak,0
IND12FC0E8C21,user3547@okicici,user1963@okhdfcbank,36015.6,IndusInd,0
INDCCE117481C,user2327@okyesbank,user5823@okicici,43937.32,IndusInd,0
ICI625FB76820,user4244@okaxis,user8206@okyesbank,7136.81,ICICI,0
SBI9579628100,user5641@okaxis,user4957@okyesbank,5407.86,SBI,0
YES2E9756F3B2,user3094@okhdfcbank,user9802@okaxis,25774.28,YesBank,0
IND973CBF989E,user4105@okhdfcbank,user4167@okyesbank,16600.28,IndusInd,0
HDF7F86F03E5D,user7255@okyesbank,user3829@okaxis,20744.52,HDFC,0
ICIF44E767931,user5608@okaxis,user4592@oksbi,18525.29,ICICI,0
ICIDACA54E8B1,user1569@okhdfcbank,user2471@okaxis,45524.02,ICICI,0
INDF7250DFAA1,user9785@okyesbank,user6109@okaxis,9227.7,IndusInd,0
SBI34D7EDB58A,user9836@okyesbank,user5624@okhdfcbank,48325.33,SBI,0
HDF69CF6EA6F5,user3116@okicici,user6721@okhdfcbank,42833.91,HDFC,0
CAN0E10996089,user4644@okyesbank,user4666@oksbi,31852.65,Canara,0
BOB2EAC12E165,user4360@okyesbank,user9847@oksbi,25704.29,BOB,0
KOTE6B0086F17,user5875@okhdfcbank,user4352@okyesbank,17704.77,Kotak,0
INDD34946A054,user9132@okhdfcbank,user7356@okhdfcbank,32411.27,IndusInd,0
AXICBA16BED95,user3611@oksbi,user9382@okicici,19233.56,Axis,0
IND7836F278CE,user3171@okyesbank,user4652@okyesbank,43267.01,IndusInd,0
HDF9A061DFBE6,user9842@okyesbank,user7303@okyesbank,6554.77,HDFC,0
KOT09959F5F66,user8975@okicici,user4916@oksbi,18817.95,Kotak,0
YES4116106F27,user1864@okicici,user3058@okhdfcbank,24911.83,YesBank,0
BOB356069E61D,user9212@okaxis,user6123@okhdfcbank,46639.02,BOB,0
KOTD121978887,user7404@okaxis,user5467@oksbi,6860.92,Kotak,0
KOTDDF26A4B52,user3341@okicici,user4140@okhdfcbank,21989.55,Kotak,0
HDFE8858A9E12,user3924@okhdfcbank,user1078@okicici,14552.72,HDFC,0
BOB1BF4512504,user9153@okyesbank,user8176@okaxis,37926.12,BOB,0
CANC507DF66CB,user3603@okhdfcbank,user5693@okaxis,37589.66,Canara,1
AXI3C002EF803,user8589@okaxis,user5295@okyesbank,5698.31,Axis,0
INDB38B50257F,user9264@okhdfcbank,user3722@okyesbank,19761.71,IndusInd,0
YESA25E08BE05,user8392@okicici,user6838@okhdfcbank,19902.54,YesBank,0
PNBB7C7E2596E,user6805@okaxis,user6643@okaxis,8117.33,PNB,0
YES8F3D9B0540,user3596@okhdfcbank,user6171@okyesbank,16923.13,YesBank,0
AXI8F303EF821,user2626@okicici,user3129@oksbi,26722.35,Axis,0
KOTEF40AEF35F,user4872@okhdfcbank,user4496@okyesbank,19351.19,Kotak,0
AXIA1F34E4795,user1018@oksbi,user1902@oksbi,26359.24,Axis,1
AXI080C6A3274,user7938@okyesbank,user4414@oksbi,1102.32,Axis,0
CAN6EBFD7DC62,user8194@okyesbank,user1267@oksbi,39000.03,Canara,1
CAN80BB1299E7,user5198@okhdfcbank,user9316@okhdfcbank,16016.97,Canara,0
YES009626EB1A,user2266@okyesbank,user7214@okhdfcbank,20554.36,YesBank,0
KOT12E5C94345,user9302@okhdfcbank,user5531@okyesbank,4812.0,Kotak,0
YES350CA82AA5,user8375@okhdfcbank,user7262@okhdfcbank,42751.01,YesBank,1
BOB120CCAA2A1,user8242@okhdfcbank,user5460@okaxis,22586.98,BOB,0
BOB5092D0F749,user2458@okicici,user5231@okyesbank,12915.08,BOB,1
HDF4B934836D2,user2803@okaxis,user3452@okicici,30258.01,HDFC,0
HDFD62BE3753E,user7350@okhdfcbank,user5613@okhdfcbank,39580.49,HDFC,0
ICI46060CF98E,user3618@okhdfcbank,user2727@okaxis,23917.22,ICICI,0
YES2C0A09ABF5,user6639@okaxis,user7791@okaxis,40684.44,YesBank,0
SBI47E42CF8A4,user3295@okicici,user2897@okicici,49248.25,SBI,0
PNB61483B47B0,user6774@oksbi,user2231@okaxis,7937.64,PNB,0
HDFEAB1BBAA34,user5516@okhdfcbank,user4177@okaxis,21049.05,HDFC,0
YES5F0D3F430E,user1913@oksbi,user5808@oksbi,8037.8,YesBank,1
YESB67C4BB9A3,user1329@okicici,user5363@okaxis,17214.09,YesBank,0
IND9B7A799DFD,user7534@oksbi,user4010@okicici,31009.25,IndusInd,0
INDD769DE15EB,user8342@okyesbank,user5402@okhdfcbank,49514.15,IndusInd,0
SBID629C17973,user2551@okicici,user7793@okicici,2527.85,SBI,0
AXI9697CD2920,user2031@okicici,user1612@okhdfcbank,17515.63,Axis,0
ICI91D1776B02,user8038@okaxis,user7198@okaxis,41193.98,ICICI,0
PNB3448B41628,user2146@okaxis,user6674@okaxis,3603.23,PNB,0
HDFDF1A5D2FE3,user9233@okaxis,user7034@okicici,43102.92,HDFC,0
YESE43F1CA083,user5538@oksbi,user7610@okaxis,6580.91,YesBank,0
AXIA4B44126C3,user3196@okaxis,user6469@okaxis,41220.59,Axis,0
INDAE1A250090,user4491@okhdfcbank,user1529@okaxis,1460.48,IndusInd,1
YES7CA7A15C05,user2153@oksbi,user1103@oksbi,15137.8,YesBank,0
KOTB097E63148,user6247@okicici,user1554@oksbi,25247.2,Kotak,0
YES9F7E9E0B65,user2582@okyesbank,user4498@okhdfcbank,25985.59,YesBank,0
AXI08C6B95088,user6666@okicici,user6601@okicici,37813.09,Axis,0
INDEA569429D0,user3254@okaxis,user7850@okhdfcbank,29861.75,IndusInd,0
YES73F7B24941,user2339@okicici,user9452@oksbi,1080.13,YesBank,0
BOBB050FE8C6F,user2388@okaxis,user3296@okhdfcbank,4717.83,BOB,0
CANB9DFF6AD24,user5772@okhdfcbank,user1495@oksbi,29640.32,Canara,0
INDEB1A45609E,user3695@okaxis,user1563@okaxis,27235.63,IndusInd,0
SBI143D0F2A4F,user2402@okaxis,user8584@okhdfcbank,39170.13,SBI,0
SBIA16D93C749,user5836@oksbi,user5192@okhdfcbank,19763.99,SBI,0
AXIDE1023ABDA,user2685@oksbi,user7498@oksbi,5220.95,Axis,0
PNB70F0FDAFEA,user9208@okhdfcbank,user6001@okicici,32746.05,PNB,1
AXI9BE595CCB2,user9487@okaxis,user9795@okicici,33311.47,Axis,0
KOT5B73F004EA,user4575@okaxis,user8879@okicici,49019.96,Kotak,0
PNB223C692FBB,user5788@okhdfcbank,user5823@okyesbank,902.25,PNB,0
BOBF5970ADAEF,user9235@okicici,user2481@okhdfcbank,37963.51,BOB,0
ICI44706F4FB8,user5111@okicici,user7242@oksbi,49199.52,ICICI,1
KOT44AFE4F22D,user8891@okaxis,user3824@oksbi,49962.82,Kotak,0
BOB8447721A9F,user5263@oksbi,user3593@okicici,31230.78,BOB,0
ICI03F38382D0,user9400@okhdfcbank,user2717@okicici,26134.42,ICICI,0
SBI62A18E69E7,user4026@okyesbank,user5478@okicici,42686.69,SBI,0
ICIE195533D06,user5985@oksbi,user3851@okyesbank,3134.18,ICICI,0
IND3D36C30791,user6383@okicici,user3784@okaxis,39369.83,IndusInd,0
KOT6D2FCA5463,user2420@oksbi,user6509@okhdfcbank,35739.48,Kotak,0
PNBA258EEAEF4,user4634@okicici,user3762@okhdfcbank,8069.47,PNB,1
BOB95E116A529,user6409@okyesbank,user6942@okyesbank,5486.51,BOB,0
AXID2D3A982B9,user5200@okicici,user7509@okicici,10662.44,Axis,0
HDF0A65DEFDA1,user4920@oksbi,user3478@oksbi,10587.49,HDFC,0
IND9CAC07C3FF,user1464@okicici,user2104@okhdfcbank,13420.67,IndusInd,0
PNBA8D5152347,user6644@okhdfcbank,user2159@okicici,17870.8,PNB,1
KOT8DAAFE9C29,user3174@oksbi,user6023@okaxis,13875.71,Kotak,0
CAN397566EFE9,user8996@okicici,user8004@okaxis,38951.22,Canara,0
CAN505E124BF1,user1938@oksbi,user4644@okhdfcbank,8697.15,Canara,0
ICI494099AFA8,user2308@okicici,user5011@oksbi,12190.54,ICICI,0
BOB705065544C,user2636@okhdfcbank,user8229@okaxis,36975.12,BOB,0
AXI7B56C83772,user2466@okaxis,user7248@okicici,45595.81,Axis,0
AXI1CEDC711B0,user4855@okicici,user5142@okicici,3432.98,Axis,0
INDF932C3FB47,user9357@okicici,user9462@okicici,15980.9,IndusInd,0
CAN1224832F54,user8665@okyesbank,user3902@okicici,21812.48,Canara,0
CAN31BB6E4CF9,user5776@okhdfcbank,user2034@okhdfcbank,16565.05,Canara,0
BOBC9F169745C,user9014@okyesbank,user8536@okyesbank,37555.52,BOB,0
KOTE6871A8494,user9769@okyesbank,user3928@okhdfcbank,33848.46,Kotak,0
BOB79C0EBFD7F,user7344@okhdfcbank,user5604@oksbi,12700.47,BOB,0
YES3BC5A5CA70,user5293@okhdfcbank,user4225@okyesbank,9025.61,YesBank,0
IND9ABFFED31F,user1362@oksbi,user6584@okicici,8510.62,IndusInd,0
PNB24544F10DE,user2966@okicici,user6876@okicici,26489.45,PNB,0
ICIDCF0B65C6D,user8046@okyesbank,user3557@okhdfcbank,37244.23,ICICI,0
ICI0D421C7BB8,user6116@okaxis,user2937@oksbi,22150.45,ICICI,0
SBIBDCE440CEA,user2606@okhdfcbank,user3414@oksbi,5894.21,SBI,0
HDF0A9E2A6FB1,user6796@okaxis,user2156@okhdfcbank,45459.84,HDFC,1
BOB739316254D,user9113@okyesbank,user7783@okyesbank,10268.56,BOB,0
SBIDA549691F7,user4345@okaxis,user3542@okaxis,49412.81,SBI,0
ICIA2DB27EB55,user8783@oksbi,user3873@oksbi,7264.31,ICICI,1
ICIFCB430D086,user6370@okaxis,user3210@okaxis,42822.79,ICICI,0
SBICC1DA54DB4,user9733@okyesbank,user1692@oksbi,36450.34,SBI,0
CANC4D565BE4E,user2282@oksbi,user1328@okaxis,28085.34,Canara,0
AXI5A95CCBB17,user5916@okyesbank,user5965@oksbi,48291.01,Axis,0
IND68AB9BB3E6,user1600@oksbi,user7978@okyesbank,35441.42,IndusInd,0
AXI53BBC4A7E0,user1237@okaxis,user9388@okhdfcbank,3363.82,Axis,0
YESD0AA59365B,user2819@oksbi,user8916@okicici,41652.36,YesBank,0
IND0ED7A7789A,user3400@oksbi,user2536@oksbi,3156.91,IndusInd,0
BOB5481BE4D3E,user8602@oksbi,user8634@okyesbank,31538.85,BOB,0
IND46EAFD9713,user6092@okhdfcbank,user6427@okaxis,14135.92,IndusInd,0
PNBC54F7E2961,user3309@okicici,user1608@okicici,14567.42,PNB,0
ICIDE74A70675,user3968@okyesbank,user1712@okhdfcbank,21983.55,ICICI,0
HDF3BF0FB5B2B,user2658@okaxis,user6682@oksbi,500.67,HDFC,0
KOT0FCDCE1A78,user9121@okaxis,user4724@okhdfcbank,25293.97,Kotak,0
PNB3621110662,user3757@oksbi,user1526@okhdfcbank,9736.75,PNB,0
KOTF96A73A127,user4875@okicici,user2812@okaxis,638.22,Kotak,0
INDC9EA387C23,user4004@okaxis,user9391@okaxis,15033.66,IndusInd,0
SBI9ACD901539,user9021@okaxis,user7551@okicici,12302.03,SBI,0
AXI9667633147,user2845@okaxis,user5348@okyesbank,23254.23,Axis,0
PNBD9D9426712,user1673@okhdfcbank,user4856@okyesbank,36569.04,PNB,0
IND16D7FCF641,user9253@okaxis,user8510@okhdfcbank,29845.4,IndusInd,0
BOBD99ED26B46,user1115@okicici,user6865@okyesbank,31282.05,BOB,0
PNBDEFF3A99CC,user7046@okyesbank,user2490@okaxis,12877.58,PNB,0
SBI0A16386F4A,user2478@okyesbank,user2385@okhdfcbank,16029.58,SBI,0
YES40696A4D82,user3301@okhdfcbank,user4159@oksbi,32523.2,YesBank,0
BOB82B351F7EE,user4667@okaxis,user3930@okyesbank,32862.08,BOB,0
AXIAFC5F2B718,user4220@okaxis,user7064@okicici,9697.85,Axis,0
PNB3C58E93768,user7072@okhdfcbank,user9933@okicici,40987.41,PNB,0
IND6B495BE539,user6738@okaxis,user5952@okicici,35809.04,IndusInd,0
BOBADCF617CC7,user9127@okyesbank,user7472@okaxis,45809.98,BOB,0
AXID03481025F,user1898@okicici,user8497@oksbi,7543.67,Axis,0
AXI90EBBA385A,user6744@okicici,user5382@okaxis,46354.2,Axis,0
CAN58B08DB968,user1918@okaxis,user1096@okyesbank,2108.16,Canara,0
HDF1041454265,user3004@okyesbank,user2573@okaxis,4232.74,HDFC,0
BOBAA58442606,user5632@okaxis,user5323@okyesbank,28554.02,BOB,0
KOT037042A502,user8139@okyesbank,user4138@okicici,14126.17,Kotak,0
PNBD6285065DA,user2910@okaxis,user5166@okicici,28385.25,PNB,0
PNBBE50BD8C2D,user8907@okaxis,user6710@oksbi,28236.22,PNB,0
AXI788B6F7483,user1348@oksbi,user1116@oksbi,23791.92,Axis,0
YES4756C0C5E9,user4654@okyesbank,user2925@oksbi,48634.71,YesBank,0
ICI9B27219D5B,user8646@okicici,user2268@oksbi,30829.57,ICICI,1
CAN8558DD56A2,user6745@okaxis,user7095@okhdfcbank,11056.55,Canara,0
ICI68DAD3B4CC,user6105@okaxis,user7019@oksbi,30856.95,ICICI,0
PNBFE751616E9,user2364@okicici,user8571@oksbi,9308.7,PNB,0
INDADDA0A2FA9,user4071@okhdfcbank,user8961@okicici,43969.2,IndusInd,0
SBIE1925DE57C,user3210@okhdfcbank,user5437@okaxis,16450.29,SBI,0
SBIA500DF27FF,user9868@okaxis,user8781@okhdfcbank,17319.67,SBI,0
PNB4C3554D063,user8216@oksbi,user2677@okhdfcbank,44526.37,PNB,0
INDCD8BAC40AA,user4025@okicici,user3658@oksbi,25148.59,IndusInd,1
KOT7FDBBA2152,user2419@okyesbank,user8825@okaxis,45470.42,Kotak,0
ICI6B9B18E58C,user3072@oksbi,user6377@okaxis,48494.04,ICICI,0
AXI41DDAB4A79,user1932@okyesbank,user5436@okhdfcbank,29552.02,Axis,0
BOBBCC3F5CB5B,user1763@okyesbank,user9907@okicici,29.89,BOB,0
YES0F422EE0D6,user8782@okicici,user8634@oksbi,17684.02,YesBank,0
PNB276CF9AA81,user3129@okaxis,user2970@okyesbank,5824.54,PNB,0
PNB938FF97E95,user7249@oksbi,user5451@okicici,6895.67,PNB,0
SBID5C7A6130B,user4132@oksbi,user3477@okicici,16657.42,SBI,0
KOT3D2A1F806F,user7354@okaxis,user3901@okaxis,35263.36,Kotak,0
AXI1FD3E82D4B,user6965@okhdfcbank,user9026@okhdfcbank,19956.87,Axis,0
CANF1FF047A00,user9903@okhdfcbank,user7974@oksbi,41330.3,Canara,0
HDF5F8CF4319D,user7173@okaxis,user1460@oksbi,24018.27,HDFC,0
BOB07DD98B319,user1341@okaxis,user3615@oksbi,17650.59,BOB,0
IND66CE01D6F8,user5271@okaxis,user3137@okicici,33063.49,IndusInd,0
YESC03547005B,user4993@okicici,user6606@oksbi,38435.02,YesBank,0
YES65E25AC13A,user3911@okicici,user1501@okaxis,12194.11,YesBank,1
CAN69C5B88008,user9367@okaxis,user5535@okyesbank,24159.84,Canara,1
ICI1D2494DE7C,user2004@okhdfcbank,user8665@oksbi,2773.42,ICICI,0
AXI6C142529BD,user3412@okaxis,user3996@okhdfcbank,4452.35,Axis,0
ICIBE4CEACCBC,user3898@okhdfcbank,user9980@okyesbank,43172.07,ICICI,0
YESC681DB818B,user6201@okicici,user3553@okyesbank,47584.41,YesBank,0
KOTF87C9376AB,user1710@okyesbank,user6242@okyesbank,9987.22,Kotak,0
ICI8DB054E582,user2336@oksbi,user2476@okaxis,14691.78,ICICI,0
HDFF39806765F,user9445@okhdfcbank,user8465@okyesbank,23797.62,HDFC,0
PNB3F0D9A8E50,user9436@okaxis,user3338@okhdfcbank,19957.5,PNB,1
KOTB01B026265,user8524@okhdfcbank,user5509@okaxis,41024.47,Kotak,1
CAN9EB344640E,user7545@okaxis,user9245@okaxis,2225.98,Canara,0
YESE8B068BBB0,user1811@oksbi,user4062@okicici,31170.39,YesBank,0
HDFCCE4CE8CBF,user1160@okicici,user5622@okaxis,31336.52,HDFC,0
KOTF6C27C14ED,user5627@oksbi,user4094@okicici,13960.88,Kotak,0
ICI83BF389B77,user2599@okaxis,user9027@oksbi,37283.03,ICICI,0
HDF97ACF35778,user3215@okhdfcbank,user5883@okhdfcbank,6526.44,HDFC,0
IND61E74A638F,user5242@oksbi,user1433@oksbi,7657.85,IndusInd,0
CAN1A23C88A72,user1800@oksbi,user6495@okicici,38228.21,Canara,0
CAN994A1830C0,user5706@okhdfcbank,user8193@oksbi,26755.28,Canara,0
YESA15C0FE288,user2432@okaxis,user9403@okhdfcbank,20196.87,YesBank,0
CAN4EDAD84649,user4561@okhdfcbank,user6092@oksbi,705.5,Canara,0
HDF053FC5B571,user6259@okyesbank,user3690@oksbi,6956.58,HDFC,1
YES827A0B0D6D,user8804@oksbi,user5091@oksbi,45832.98,YesBank,0
INDAD6756353D,user7931@okhdfcbank,user6213@okaxis,14853.42,IndusInd,0
ICI0CED12C7DD,user6941@okyesbank,user8173@okaxis,30983.03,ICICI,0
BOB27F39EB98F,user9078@oksbi,user3632@okicici,29969.94,BOB,0
PNB62E9770991,user9291@okhdfcbank,user3862@okhdfcbank,8430.07,PNB,0
ICI1D7A41A462,user8056@okyesbank,user9894@okaxis,13120.53,ICICI,0
IND52EF50C838,user4894@okicici,user6193@okaxis,30734.34,IndusInd,0
BOB058FA49E9A,user3850@okicici,user8400@okhdfcbank,33200.31,BOB,0
BOB0EEB3BA29B,user2210@okhdfcbank,user9733@okyesbank,2893.07,BOB,0
PNBBAE60505D0,user9843@okaxis,user4237@okhdfcbank,23104.68,PNB,0
BOBD3D2CF021C,user6912@okicici,user8031@okyesbank,28696.05,BOB,1
KOT56ED0F7DAD,user1940@okyesbank,user5045@okaxis,24078.74,Kotak,0
CAN573148314F,user8306@oksbi,user9351@okaxis,8261.7,Canara,0
IND77646768CF,user5700@okyesbank,user3356@oksbi,6614.1,IndusInd,0
YES70437EDE03,user9575@okhdfcbank,user5151@okyesbank,32590.85,YesBank,0
PNBB94B91B7F1,user3522@oksbi,user4644@okaxis,30696.99,PNB,0
CAN5F5717F133,user8848@okaxis,user8449@okaxis,4985.47,Canara,0
HDF38E01539B4,user2383@okaxis,user6268@okicici,48964.03,HDFC,1
PNB310C7E921D,user8498@oksbi,user2883@okicici,8507.94,PNB,0
HDF7C1353CB9D,user8321@okaxis,user4320@okicici,3313.79,HDFC,0
PNB46513115E5,user5174@okhdfcbank,user7506@okyesbank,38418.15,PNB,0
INDB4956BB201,user8274@okhdfcbank,user9514@okaxis,4967.41,IndusInd,0
KOT75E8C0AE30,user6176@okaxis,user8399@okaxis,31351.15,Kotak,1
PNB2A023FA1F4,user7491@oksbi,user2049@oksbi,27595.58,PNB,0
YES2983CBAD50,user8096@okaxis,user7953@okaxis,12891.62,YesBank,1
ICID4819632DE,user6511@okyesbank,user4543@okhdfcbank,24751.62,ICICI,0
KOTF51CA39136,user4374@okyesbank,user1779@okaxis,14210.56,Kotak,0
AXIF60EB5C3E1,user3105@oksbi,user4637@okhdfcbank,49744.52,Axis,0
HDF2CDE451B23,user9375@okyesbank,user2247@okyesbank,4321.7,HDFC,0
YESA64715FF13,user2776@okicici,user7161@okhdfcbank,6189.08,YesBank,0
ICICB2066A3AD,user8214@okaxis,user8714@okhdfcbank,43018.1,ICICI,0
CAN8187D3AC49,user9863@okhdfcbank,user4258@okhdfcbank,39662.49,Canara,0
CANDE5E6E63B4,user4839@okyesbank,user3472@okhdfcbank,1819.0,Canara,0
ICI8313189458,user8549@okicici,user3725@okyesbank,44718.74,ICICI,0
BOBF25AF705AC,user5677@okaxis,user8032@okaxis,37793.71,BOB,0
KOTE4A797957E,user6671@okhdfcbank,user7457@okyesbank,30486.68,Kotak,1
PNB20B75BDA74,user6474@okicici,user8159@okicici,30916.32,PNB,0
SBIFE90FF6F7E,user5817@okyesbank,user8904@okaxis,9714.04,SBI,0
PNB1BD95A0532,user2083@okyesbank,user7369@oksbi,39037.18,PNB,0
IND6AEE27ABBA,user6896@okyesbank,user9010@okicici,25355.4,IndusInd,0
IND137B42598F,user6913@okaxis,user4122@okhdfcbank,40907.97,IndusInd,0
SBIF337E7339C,user4311@okicici,user4232@okhdfcbank,43253.62,SBI,0
ICIB991062CB8,user4077@okaxis,user5003@okyesbank,10401.22,ICICI,0
AXI4069CBF521,user9159@okhdfcbank,user7547@oksbi,45339.7,Axis,0
PNB9D43E13706,user3487@oksbi,user4730@okaxis,7633.99,PNB,0
SBI1417550CCC,user4069@okicici,user7636@oksbi,33082.33,SBI,0
YESBD5D8B98F5,user2728@okicici,user5698@okicici,40729.73,YesBank,0
ICI9E8EA29506,user7934@okyesbank,user1718@okhdfcbank,46598.61,ICICI,0
ICI781DC6448A,user3122@okyesbank,user6183@oksbi,26727.39,ICICI,0
KOTBE51D7CEF9,user3460@oksbi,user9023@oksbi,43288.08,Kotak,0
CANBC59469C03,user9569@okyesbank,user8579@okyesbank,32119.71,Canara,0
AXI5B5940C17D,user6023@okhdfcbank,user2852@oksbi,13511.67,Axis,0
KOTF70B810533,user7735@oksbi,user8256@okyesbank,33557.26,Kotak,1
ICIA15E9892D8,user4913@okhdfcbank,user3699@okicici,3084.29,ICICI,0
PNBC924BE1B96,user9756@okaxis,user6919@okyesbank,40702.11,PNB,0
PNBE85A2E58B9,user9423@okyesbank,user3774@okhdfcbank,33305.42,PNB,0
AXI6864765611,user7735@okhdfcbank,user3659@oksbi,32530.27,Axis,0
CAN4F67BFD2B6,user5730@okhdfcbank,user3835@okyesbank,9620.65,Canara,0
YES7159D4DA7A,user9229@oksbi,user9577@okaxis,6198.21,YesBank,0
AXI6FFF490CFA,user1861@okaxis,user2142@okaxis,18341.63,Axis,1
KOTAB29FB7223,user9693@oksbi,user5187@okicici,37835.76,Kotak,0
KOTE24A7F533C,user6524@okyesbank,user3633@oksbi,48674.55,Kotak,0
HDF864171B600,user8619@okhdfcbank,user8326@okyesbank,39266.84,HDFC,0
SBI0DE5E9EA3F,user5671@okicici,user5878@okhdfcbank,16156.11,SBI,1
AXI005EEA9462,user1504@oksbi,user2393@okhdfcbank,21734.42,Axis,0
PNB2191CC8CC2,user6941@oksbi,user2254@oksbi,6173.77,PNB,0
KOT99729CED9D,user3398@oksbi,user9382@okaxis,19867.52,Kotak,1
CANB607808607,user5124@okaxis,user9526@okhdfcbank,25150.66,Canara,0
IND370A07D6E2,user8839@okaxis,user4326@okaxis,39358.0,IndusInd,0
AXI1762B41FF6,user9066@okyesbank,user4551@okyesbank,27272.09,Axis,0
CAN8E234EE2CE,user7126@okaxis,user3525@okicici,29038.15,Canara,0
AXIF738C1F8C7,user9611@okaxis,user6116@okyesbank,40007.06,Axis,0
KOTFA2E29912C,user5559@okhdfcbank,user1431@okaxis,36987.79,Kotak,0
AXI1844212A1C,user1101@okyesbank,user7033@oksbi,15247.5,Axis,0
HDF632922FD14,user7821@okicici,user8224@okicici,27241.47,HDFC,0
BOBC27A6A1131,user2861@okicici,user4109@okicici,2185.28,BOB,0
BOBB72B85EF2E,user7172@okhdfcbank,user2370@oksbi,11617.79,BOB,0
YES524FC7B380,user5391@okhdfcbank,user6962@okhdfcbank,10467.48,YesBank,0
IND3F74FD8E61,user4408@okicici,user7677@okhdfcbank,5614.2,IndusInd,0
CANFF83E2CD98,user2714@okicici,user5191@okicici,32676.0,Canara,0
YES2350B6EB9C,user4696@okhdfcbank,user1873@okicici,35171.3,YesBank,0
KOT9349AD18A5,user1647@okhdfcbank,user3286@oksbi,38375.96,Kotak,1
KOT4DF4CB0306,user9778@okicici,user9864@okhdfcbank,36949.41,Kotak,0
SBIFCF0652525,user3209@okicici,user2036@okyesbank,31116.72,SBI,0
INDBD9E0D075E,user1887@okyesbank,user1352@okyesbank,35344.71,IndusInd,1
PNB47D0026125,user1719@okicici,user1915@okicici,44744.29,PNB,0
INDE363F6D4FD,user3208@okicici,user7013@oksbi,23859.31,IndusInd,0
YES6037E9B432,user4514@okaxis,user4326@okyesbank,5108.97,YesBank,0
YES0F938ADB99,user7615@okhdfcbank,user9389@oksbi,27456.68,YesBank,0
IND7B50476C39,user2422@oksbi,user7943@okicici,25562.87,IndusInd,0
AXIEDD4BD0A4E,user2855@oksbi,user8914@okicici,47729.99,Axis,0
IND9E8D84382E,user7362@okhdfcbank,user1849@okicici,49569.8,IndusInd,1
HDFBCB4DAFFF1,user4090@oksbi,user4101@okyesbank,3226.99,HDFC,0
SBIA9CAE876F8,user4127@okyesbank,user6541@oksbi,39541.59,SBI,0
BOB7E926FE57E,user8554@okyesbank,user2928@okicici,10354.26,BOB,0
IND14800AC0CC,user5651@okicici,user6373@oksbi,39868.78,IndusInd,0
YESC6C1F05E71,user7740@okicici,user6946@okhdfcbank,31667.04,YesBank,0
YESAF9DF89FFE,user9289@okicici,user3138@okaxis,15874.14,YesBank,0
CAN1467C925EA,user3756@okaxis,user4220@okaxis,9899.16,Canara,0
HDF5F485D94D9,user3469@okaxis,user9778@okaxis,25447.26,HDFC,0
YES7178AB18E0,user2145@oksbi,user8377@oksbi,8741.51,YesBank,0
BOBE38865F740,user6559@okaxis,user5496@okhdfcbank,39103.39,BOB,0
CANA860E99B94,user3780@okhdfcbank,user4623@okhdfcbank,19434.3,Canara,0
BOBBDE902D690,user1862@okicici,user3496@oksbi,14482.92,BOB,0
KOT5133FD9655,user7363@okaxis,user9790@okaxis,4126.59,Kotak,0
SBIDE84CA3239,user9501@oksbi,user9524@okhdfcbank,17802.44,SBI,0
YESEA98E89E7B,user2057@oksbi,user2663@okicici,26445.78,YesBank,0
KOT9C98748240,user8492@okicici,user7302@okicici,21480.11,Kotak,0
KOT1B93BABDD4,user1881@oksbi,user5880@okyesbank,3636.93,Kotak,0
BOB747A07AD6C,user6402@okaxis,user3838@okhdfcbank,26084.43,BOB,0
ICIBE33E4902F,user5919@oksbi,user4436@okyesbank,20722.72,ICICI,0
AXID706A2CEE9,user8704@okaxis,user6930@okaxis,45293.69,Axis,0
CANA6315970FE,user5744@okicici,user3477@oksbi,17173.08,Canara,0
KOT9B04462563,user4907@okhdfcbank,user7843@okhdfcbank,17821.53,Kotak,0
ICI18D18435C2,user8693@okicici,user9471@okaxis,29121.42,ICICI,0
HDFA26F7DDF62,user9302@okhdfcbank,user2156@okyesbank,21550.75,HDFC,0
HDF987D7019B9,user8754@okaxis,user5575@okhdfcbank,13112.4,HDFC,0
CANF9F8C15D4F,user3697@okaxis,user2466@okicici,9053.7,Canara,0
KOT1671FD0513,user8266@okhdfcbank,user9927@okicici,25940.14,Kotak,0
ICIFB1CA8599E,user8333@okhdfcbank,user9828@okhdfcbank,29043.64,ICICI,0
AXI7956C17B1F,user2136@oksbi,user5347@okyesbank,27618.25,Axis,0
CAN87BD6974DE,user4826@okhdfcbank,user5330@okaxis,23757.67,Canara,0
CAN0FA9647348,user8306@okhdfcbank,user8489@okyesbank,38643.8,Canara,0
ICI26A8361EE1,user6656@oksbi,user7362@okyesbank,29864.81,ICICI,0
KOT1ED9A4639E,user9901@okhdfcbank,user1992@okhdfcbank,1524.34,Kotak,0
ICIA65D50F30D,user1560@okicici,user6503@okhdfcbank,34324.43,ICICI,0
CAN7921719D3B,user5661@okyesbank,user6461@okyesbank,33570.05,Canara,0
HDF6CEECC1E0A,user6063@okyesbank,user1743@oksbi,5316.26,HDFC,0
ICI6A7B5EC9C1,user3541@okhdfcbank,user2793@okyesbank,45288.97,ICICI,0
AXI8EF9DC6C6C,user2577@okhdfcbank,user3027@oksbi,43761.16,Axis,0
AXIF80EF6FF60,user9736@oksbi,user3358@okaxis,252.7,Axis,0
YES1880E8B26D,user9780@okaxis,user6837@oksbi,46214.07,YesBank,0
ICI3FC978F114,user3953@okyesbank,user8439@oksbi,25141.7,ICICI,0
HDFCEB5DAC13A,user9612@okicici,user6083@oksbi,4691.87,HDFC,0
PNBC1F5DB287F,user4602@okyesbank,user9832@okyesbank,318.74,PNB,0
PNB33603180F3,user6838@okhdfcbank,user8689@okyesbank,45873.27,PNB,0
BOBCC540E9737,user5466@oksbi,user1829@okyesbank,25945.41,BOB,1
CAN63C1C21F32,user2121@oksbi,user5190@okhdfcbank,48260.94,Canara,0
SBI10CB302B72,user9966@okyesbank,user9252@oksbi,4885.21,SBI,0
KOT97B7BE861B,user8771@oksbi,user2182@okicici,26280.54,Kotak,0
AXI1D33C71C6D,user6692@okaxis,user5341@okaxis,15948.71,Axis,0
AXICBBC39DB2E,user8856@okyesbank,user7293@okhdfcbank,47575.07,Axis,0
PNB6A60DBC41D,user3249@okaxis,user9817@okyesbank,41882.27,PNB,0
ICID80A0DEECB,user2900@okhdfcbank,user7810@okyesbank,38514.08,ICICI,0
ICI3693DA4571,user8608@okhdfcbank,user2549@okicici,24965.35,ICICI,0
KOTC153416800,user3537@okyesbank,user8564@okhdfcbank,26659.2,Kotak,0
BOB00F56401CC,user7692@oksbi,user3477@okhdfcbank,459.48,BOB,0
PNB94575F07DD,user2990@okaxis,user7596@okaxis,29088.77,PNB,0
BOBB33E610DC2,user4510@oksbi,user9710@okyesbank,11019.16,BOB,0
ICI21CB0595DF,user5827@okhdfcbank,user8377@okhdfcbank,25893.52,ICICI,0
YESCF22B927E6,user4305@oksbi,user4730@okaxis,6063.33,YesBank,0
YES60B8018351,user7564@okhdfcbank,user4259@oksbi,26431.6,YesBank,1
AXI85148EC46A,user5003@okaxis,user5851@okicici,6303.72,Axis,0
CAN761708BE9C,user8620@oksbi,user3671@okyesbank,12843.01,Canara,0
CAN688F5AF6B7,user5842@okaxis,user5964@okicici,30205.83,Canara,0
KOT7B80D835E4,user3055@okyesbank,user4246@okhdfcbank,35968.54,Kotak,0
SBID33E15D20D,user5323@okaxis,user2332@okyesbank,29267.6,SBI,1
KOT9499E48394,user2182@okyesbank,user7500@okhdfcbank,2013.93,Kotak,0
SBI2AD1CEDE46,user8019@okaxis,user8096@okyesbank,41803.89,SBI,0
AXIFBB4A9D25D,user8365@oksbi,user6964@oksbi,41873.1,Axis,0
CAN1098180288,user8115@okicici,user1382@oksbi,42651.24,Canara,0
KOT85C4DEAC80,user3218@oksbi,user4212@okicici,21886.54,Kotak,0
IND088E03C94D,user3504@okhdfcbank,user4586@okaxis,12385.0,IndusInd,0
AXI124E2068C0,user7954@okhdfcbank,user3060@okicici,47189.22,Axis,0
BOB3C9CF88CAF,user8223@okhdfcbank,user8447@okicici,23699.1,BOB,0
YES9B651300BB,user1722@okyesbank,user5153@okicici,41366.68,YesBank,0
SBID304632A64,user3123@okicici,user7160@oksbi,32240.72,SBI,0
YES26075AD64A,user1866@okhdfcbank,user7506@okhdfcbank,35458.45,YesBank,0
IND9CCD717E32,user8058@okhdfcbank,user5701@okhdfcbank,13611.86,IndusInd,0
IND49CDE11634,user5366@okyesbank,user4895@okyesbank,10343.22,IndusInd,0
YESB1A443B6BF,user9560@okaxis,user8477@okicici,43577.87,YesBank,0
PNB8E1694C6B6,user3601@oksbi,user5605@okyesbank,15713.82,PNB,0
ICI42BDCC2E47,user1941@okyesbank,user5915@okaxis,26314.44,ICICI,0
AXID1D29351FC,user1425@okhdfcbank,user1623@okaxis,21415.35,Axis,0
CANCB618545D8,user7777@okyesbank,user1791@okicici,33043.54,Canara,0
SBIE93D4A5F27,user2060@okicici,user7928@okhdfcbank,19738.07,SBI,0
ICI7DDCFD2A4E,user9350@okyesbank,user3746@okyesbank,23957.2,ICICI,0
BOBA5927955BD,user9882@okaxis,user6637@okicici,8017.75,BOB,0
HDF9EDE87D0B9,user6607@okaxis,user9073@okyesbank,10360.2,HDFC,1
IND2940709C06,user1303@okaxis,user1551@oksbi,10244.78,IndusInd,0
PNB4875B1763D,user4892@okaxis,user7467@okyesbank,16487.93,PNB,0
HDF0A1A1E84CC,user3912@okhdfcbank,user1123@oksbi,38493.1,HDFC,0
IND276F54D015,user4883@okaxis,user7306@okaxis,24788.6,IndusInd,0
KOTBC3A9CF01E,user4832@oksbi,user6962@okhdfcbank,9335.53,Kotak,1
KOT4D232F28A7,user2489@okicici,user2229@oksbi,711.76,Kotak,0
KOT10133B849B,user3543@okicici,user4858@okhdfcbank,3798.72,Kotak,0
ICIB7FA7611D9,user5963@oksbi,user1597@oksbi,32797.1,ICICI,0
ICI7D5BC2E7BD,user6559@oksbi,user2160@okicici,2704.12,ICICI,1
KOTF6C2BCD467,user6674@okaxis,user3961@okaxis,49850.24,Kotak,0
BOBA6272FB124,user3621@oksbi,user9753@oksbi,3841.85,BOB,0
INDB8D09AFDA9,user8470@okaxis,user3494@okhdfcbank,16317.61,IndusInd,0
YESE6F6B4381D,user4637@okicici,user9043@okyesbank,24775.65,YesBank,0
YES654D34E529,user3043@okicici,user5359@oksbi,43790.74,YesBank,0
PNB6051285986,user2841@okicici,user2090@okicici,11117.47,PNB,0
ICIC8C4F6784D,user3583@okicici,user4681@okyesbank,1390.79,ICICI,0
HDF60D78E2011,user3172@okhdfcbank,user5707@okhdfcbank,49670.95,HDFC,0
INDFB5B38610C,user9041@okicici,user5162@okyesbank,9337.1,IndusInd,0
AXI77669116F0,user8285@okicici,user5454@okhdfcbank,12480.83,Axis,0
KOT47D666BCA1,user8925@okyesbank,user9427@oksbi,41004.37,Kotak,0
KOT08A81C6826,user5693@oksbi,user4606@okyesbank,8490.61,Kotak,0
AXI21DC92D08B,user5785@okicici,user5268@okhdfcbank,7312.76,Axis,0
SBI12664B13AC,user4887@okicici,user7422@okicici,107.74,SBI,0
BOB34BB57FA60,user6151@okyesbank,user6146@okicici,20740.84,BOB,0
AXI116A41698E,user6161@okyesbank,user3497@oksbi,10547.96,Axis,0
ICIEB3B303031,user6646@okyesbank,user8103@okaxis,44569.29,ICICI,0
ICID6B7C7A6E1,user9270@okaxis,user3208@okicici,26760.59,ICICI,0
YESB13D9A9ED5,user9179@okicici,user1665@oksbi,32249.78,YesBank,0
HDF8C93E56A60,user2353@okaxis,user6159@okhdfcbank,25285.6,HDFC,0
SBIA51BFF085B,user7275@okyesbank,user1734@okyesbank,28147.34,SBI,0
YES75C14E5C43,user9044@okicici,user3796@okaxis,45001.49,YesBank,0
ICIC9C1B79E55,user8828@oksbi,user5539@oksbi,44834.44,ICICI,0
YES019983872D,user9712@okaxis,user7052@oksbi,12566.4,YesBank,0
INDBAE5384C1C,user4260@okicici,user4677@okyesbank,17150.3,IndusInd,0
KOT4FE0446A68,user7366@okicici,user4340@okicici,7696.57,Kotak,1
CAN497A3F25E3,user2849@okaxis,user8376@okicici,31992.35,Canara,0
ICIFF398A7379,user9110@okicici,user4553@okicici,3721.97,ICICI,1
KOT2C8AB52DCA,user2772@okyesbank,user8507@oksbi,30578.9,Kotak,0
KOTC690113E80,user6930@okicici,user2781@oksbi,19715.6,Kotak,0
CAN660B39DA65,user5195@oksbi,user9287@okyesbank,32255.41,Canara,0
AXI6CB5BB7031,user1667@oksbi,user1763@okhdfcbank,1123.26,Axis,0
IND87BDF7F2E0,user3740@okaxis,user4800@okicici,8001.87,IndusInd,0
INDE57C5F3327,user3838@oksbi,user9342@oksbi,15202.45,IndusInd,0
IND4CEDB5B442,user6670@okhdfcbank,user8606@okyesbank,38070.79,IndusInd,0
HDF981E5E26F3,user3812@okhdfcbank,user2559@oksbi,32156.71,HDFC,0
BOB86058B22FB,user2181@okyesbank,user4941@okyesbank,33179.28,BOB,0
BOBE26D4009AE,user6444@okaxis,user6704@okyesbank,32588.14,BOB,0
CAN8595BB3129,user3037@oksbi,user3091@okaxis,4762.4,Canara,1
BOB79FEAE9409,user3486@okyesbank,user2989@oksbi,25263.52,BOB,0
BOBB69A6DFC49,user2018@okaxis,user3258@okaxis,18995.3,BOB,0
KOT57BBBC64E1,user9990@okhdfcbank,user5279@oksbi,7341.51,Kotak,0
ICI72357DA98E,user7469@oksbi,user4558@okicici,20170.47,ICICI,0
PNB4F0F1B5FD2,user4977@okyesbank,user2220@okyesbank,43422.98,PNB,0
HDF587F0C70F2,user4248@okicici,user6181@oksbi,30830.28,HDFC,0
ICI9BA4BA4720,user6274@oksbi,user6371@okyesbank,38679.61,ICICI,0
BOBF5C6BAEA46,user8645@okyesbank,user8567@okaxis,15372.07,BOB,0
KOTFDD402E03B,user6298@okyesbank,user9344@okhdfcbank,28528.87,Kotak,0
INDC64DBCC2A0,user5613@okhdfcbank,user1554@okhdfcbank,14004.14,IndusInd,0
KOT5CC1CE7EE8,user3301@okicici,user7862@oksbi,423.23,Kotak,0
ICI225B886C56,user9978@okyesbank,user2173@okicici,2435.38,ICICI,0
AXI3224BAF5DC,user3531@okhdfcbank,user5321@okicici,38622.26,Axis,0
ICIEF6FFE447C,user2939@okaxis,user5779@okyesbank,9997.46,ICICI,0
AXI208BF323C4,user7567@okyesbank,user8661@okyesbank,3474.72,Axis,0
YES2EFD25E7E7,user1035@okyesbank,user2185@oksbi,47191.62,YesBank,0
YESA0F868A848,user5044@okicici,user4277@okaxis,4141.23,YesBank,0
INDC5209A90F8,user6250@okicici,user7935@oksbi,28171.96,IndusInd,0
YESA761B6BD76,user8183@okaxis,user3329@okaxis,45138.02,YesBank,0
HDF2C06445E97,user1965@okaxis,user4780@okyesbank,17464.9,HDFC,0
KOTACF3B2DC31,user6178@okaxis,user3855@okhdfcbank,32095.39,Kotak,0
ICI41C704CFCA,user4004@okicici,user4107@okaxis,22961.18,ICICI,0
YES3E5D5DA61F,user3387@okicici,user6081@oksbi,22762.65,YesBank,0
CANEA15B774BD,user4253@okhdfcbank,user5209@okicici,18350.5,Canara,0
IND8CF582D762,user2151@okicici,user9619@okicici,26496.41,IndusInd,0
CAN41499E8A70,user9842@oksbi,user9069@okicici,48766.67,Canara,0
PNB447B007DFE,user2771@okicici,user9764@okyesbank,41529.0,PNB,0
CAN3661BB8F5D,user8842@okyesbank,user5164@okicici,5697.67,Canara,0
SBI8C464D4619,user4335@okyesbank,user8033@okicici,43139.88,SBI,0
HDFB71DE5B7B1,user1435@oksbi,user3811@okyesbank,32191.43,HDFC,0
BOB94F7280F75,user7650@okhdfcbank,user6659@okicici,25617.38,BOB,0
ICIA85E90185E,user5191@okaxis,user7733@okyesbank,40808.53,ICICI,1
CAN0044C63D5A,user9628@okaxis,user4045@okicici,2756.87,Canara,0
AXI38D94FBE0E,user5838@okhdfcbank,user1606@oksbi,13207.04,Axis,0
KOTF9216C1A2C,user8853@okaxis,user1207@okaxis,20416.15,Kotak,0
INDC7B277F124,user6905@okhdfcbank,user2337@oksbi,20019.21,IndusInd,0
AXIF2CD987294,user7655@okicici,user4461@okaxis,17542.39,Axis,0
CANDB2F523109,user8212@oksbi,user1289@oksbi,23806.48,Canara,0
CAN69664218B4,user3791@okhdfcbank,user1252@oksbi,25511.09,Canara,0
IND5B8E2A61C1,user3420@okaxis,user5237@okaxis,3015.0,IndusInd,0
ICI8C8F0591C0,user9737@oksbi,user4659@okhdfcbank,28975.18,ICICI,0
CAN2E9B87DEF7,user2897@okicici,user8940@okhdfcbank,5946.3,Canara,0
CAN34C52C9538,user3323@okyesbank,user3852@okicici,6008.88,Canara,0
CAN3B379F8C7E,user7343@oksbi,user6735@okhdfcbank,23743.27,Canara,0
BOBE03B90B8AA,user7631@oksbi,user5780@okicici,38557.93,BOB,0
AXID41A3282AA,user3162@okhdfcbank,user9057@okhdfcbank,7475.57,Axis,0
PNBA87EFE6125,user9101@oksbi,user8576@okicici,38800.3,PNB,0
KOT156A75C9E9,user3083@oksbi,user1179@okaxis,40259.61,Kotak,0
YESA9A9A2F4C7,user3231@okicici,user2224@okhdfcbank,43622.77,YesBank,0
KOT73E956FC24,user3195@okicici,user7655@okhdfcbank,4063.56,Kotak,0
INDD3CC90DA7F,user4627@okhdfcbank,user9365@okyesbank,31705.47,IndusInd,0
YESBE64F17FEC,user4526@oksbi,user8524@okaxis,4345.53,YesBank,0
SBI4468B8F17D,user9829@okicici,user9356@okicici,25816.84,SBI,0
AXI5FA95CEE7E,user1850@okicici,user1028@okicici,32283.94,Axis,0
CANE59804CD5E,user7609@okaxis,user6159@okicici,20746.76,Canara,0
PNB24501FFE74,user6419@okicici,user4825@okhdfcbank,38822.46,PNB,0
CANC88D72C964,user3242@okhdfcbank,user9074@okaxis,33617.73,Canara,0
AXI60FD3C2C7C,user5947@oksbi,user7745@okhdfcbank,15612.84,Axis,0
CAN3084E4A896,user1092@okicici,user5970@okhdfcbank,4088.69,Canara,0
HDF064B5D2DCA,user1989@okicici,user6264@okhdfcbank,45302.16,HDFC,0
PNB1183CE3D4E,user5608@okyesbank,user9988@okicici,7673.35,PNB,0
YES7834FC6736,user7775@okhdfcbank,user3184@okyesbank,32341.3,YesBank,0
CANCD9B6EFF4C,user6943@oksbi,user9439@oksbi,4272.61,Canara,0
CANAE6DC60E6D,user2054@okyesbank,user4028@oksbi,1952.1,Canara,0
BOBA9A28D02F8,user6193@oksbi,user2966@okhdfcbank,46568.47,BOB,0
AXI77DD0A0F32,user2568@okhdfcbank,user6371@okyesbank,28953.89,Axis,0
HDF26A829A574,user1312@oksbi,user2627@okaxis,28762.91,HDFC,0
BOBA196B6AFFB,user5206@oksbi,user3670@okaxis,23235.46,BOB,0
SBI3173521783,user3489@okicici,user5296@okicici,15411.71,SBI,0
YES1FFC17D1CF,user6188@okaxis,user1146@okicici,25180.57,YesBank,0
PNB35489DEDA7,user8190@okhdfcbank,user8485@okicici,33043.53,PNB,0
HDF2A5E56FE40,user6434@okhdfcbank,user6347@oksbi,45402.2,HDFC,0
PNBFD2F6B3435,user9277@oksbi,user7106@okyesbank,43089.3,PNB,0
CAN1FC403D26A,user2258@oksbi,user3164@okicici,25732.66,Canara,0
SBI3C28F7AB48,user2029@okaxis,user2938@oksbi,37019.68,SBI,0
YESE791992631,user9603@okyesbank,user1355@okhdfcbank,48770.35,YesBank,0
ICI875C8B6562,user6317@okhdfcbank,user5037@okicici,27126.48,ICICI,0
YESF9E0B14073,user4504@oksbi,user8917@okyesbank,40945.22,YesBank,1
BOB3C12BAF8D3,user5496@okyesbank,user8073@okicici,35973.07,BOB,0
BOBEF2A67E57B,user6614@okicici,user6192@okhdfcbank,18670.31,BOB,0
CANBC1E0F2A37,user9847@okhdfcbank,user1087@okyesbank,6539.54,Canara,0
CAN853DAD6970,user1733@okaxis,user3675@okaxis,28308.61,Canara,0
AXI554BE2D1A4,user2142@okyesbank,user5826@okicici,16289.16,Axis,0
IND86050265CB,user2260@oksbi,user2804@oksbi,10023.8,IndusInd,0
IND12663036EC,user3508@okicici,user3100@okicici,5913.45,IndusInd,0
BOB78948B8283,user5852@oksbi,user7619@okhdfcbank,18378.62,BOB,0
ICIFC5ED9D57D,user6749@okaxis,user3760@oksbi,44534.96,ICICI,0
BOB6233E08EA8,user8510@okicici,user2675@okicici,10691.81,BOB,0
HDFF2E2A22FAA,user8307@okaxis,user4478@okhdfcbank,49991.41,HDFC,1
BOBB3DEFAB0A6,user3571@okaxis,user6341@oksbi,30147.57,BOB,0
PNB88BEB66CDD,user9826@okhdfcbank,user4934@okicici,49738.72,PNB,0
AXI13BAE16DEE,user8983@okhdfcbank,user6881@oksbi,21435.99,Axis,0
ICI8B936E3169,user9951@okyesbank,user4453@okicici,48051.67,ICICI,0
YES0F255D1C1A,user4361@okhdfcbank,user6213@okicici,7349.69,YesBank,0
AXIBC42200A8B,user7418@okyesbank,user9731@okaxis,44347.15,Axis,0
BOB7BF370B2A6,user7694@okyesbank,user2721@okicici,16805.95,BOB,0
AXI7A5AF41BA7,user7032@okaxis,user9431@okyesbank,36995.61,Axis,0
CAN8EE8B81F59,user6794@okhdfcbank,user4884@oksbi,34719.7,Canara,0
YES08055CD645,user3256@oksbi,user3369@okhdfcbank,11661.69,YesBank,0
AXI3BCD99888A,user7009@okhdfcbank,user4032@okhdfcbank,13113.27,Axis,0
SBI46DA4E6A3A,user7191@okicici,user9762@okicici,26791.94,SBI,0
ICI8633085462,user4345@okaxis,user3870@okhdfcbank,30706.47,ICICI,0
IND04D6FFECF5,user5385@okaxis,user9994@okyesbank,1365.63,IndusInd,0
SBI4CECEC450D,user7736@okyesbank,user4426@okyesbank,30125.11,SBI,0
KOTCA61F117DF,user7228@okicici,user8035@oksbi,41911.35,Kotak,1
YES5EEC8BD9FE,user9251@okicici,user2723@okicici,33530.94,YesBank,0
PNB517DF8AAC2,user8257@oksbi,user6881@okhdfcbank,10086.1,PNB,0
KOTF2D7CD9FA9,user7540@okaxis,user3202@oksbi,22410.54,Kotak,1
SBIB642A2BFE3,user9851@okaxis,user2190@okaxis,37254.8,SBI,0
ICIC3A0082397,user1674@okaxis,user3112@okicici,22574.68,ICICI,0
PNBCCDAC7C0C0,user8581@oksbi,user5405@okhdfcbank,49629.7,PNB,0
KOT1C1126921F,user1783@okaxis,user9068@okyesbank,29191.91,Kotak,0
BOB390DE3744D,user2536@okhdfcbank,user7898@okhdfcbank,30748.16,BOB,0
BOBE2AAC06155,user8616@oksbi,user8679@okhdfcbank,32670.8,BOB,0
ICI4825EE6C8B,user4201@okicici,user6238@okaxis,39562.36,ICICI,0
AXI05159607F4,user7232@okhdfcbank,user5653@okhdfcbank,33746.06,Axis,0
INDAA0F52832A,user5514@oksbi,user8776@okhdfcbank,13688.27,IndusInd,0
BOBD97900BFB7,user6294@okyesbank,user9806@okyesbank,34490.07,BOB,0
IND977CA85BCE,user1506@okicici,user6754@okicici,39247.46,IndusInd,0
BOB0C0AD6004F,user6455@okaxis,user6770@okhdfcbank,35745.18,BOB,0
PNBC83B19A520,user4502@okyesbank,user9984@okaxis,35461.18,PNB,0
SBI32A095CA9F,user1973@okyesbank,user2550@oksbi,939.79,SBI,0
SBI20D9F55DB8,user8021@okyesbank,user8379@okicici,42692.45,SBI,0
IND59104EA857,user8164@okicici,user8029@okhdfcbank,39119.76,IndusInd,0
AXIB431E46A12,user5842@okicici,user5402@okyesbank,14993.58,Axis,1
YESCC7D46C684,user3332@oksbi,user9131@okicici,49832.43,YesBank,0
CAN9224460287,user4437@okicici,user1983@okicici,27603.97,Canara,0
IND5D3758F3A1,user3769@okyesbank,user4548@okicici,4117.87,IndusInd,0
CAN807ABD40E2,user5293@oksbi,user9627@okhdfcbank,15971.08,Canara,0
KOT02D07846ED,user9447@okicici,user6882@okicici,6211.94,Kotak,0
BOB867E05E8C3,user8619@okaxis,user7515@okyesbank,28220.32,BOB,0
IND83C48A1BD4,user8911@okaxis,user2325@okhdfcbank,31139.34,IndusInd,0
AXI7C6E8021E9,user1429@oksbi,user2484@okyesbank,6428.42,Axis,0
SBICADA395CB9,user2915@okicici,user2480@okicici,6059.47,SBI,1
ICI769BF2CCB8,user9267@okyesbank,user3489@okaxis,23915.3,ICICI,0
SBI58FC414D06,user3670@okaxis,user9875@okaxis,5060.09,SBI,0
CAN1370978822,user8586@okhdfcbank,user6218@okhdfcbank,25383.89,Canara,0
KOT4C79C955A7,user2639@oksbi,user2451@okicici,5275.12,Kotak,0
SBIC3EBE39D6B,user6724@okicici,user7257@okhdfcbank,19569.42,SBI,0
YES6990B3E87A,user4978@okyesbank,user3076@okaxis,45502.52,YesBank,0
YES15FAF18E91,user3429@okaxis,user7983@okaxis,48255.78,YesBank,0
SBI0C0F28CA11,user3287@okicici,user9326@okaxis,38437.59,SBI,0
BOB89AA60ABD3,user9426@okaxis,user9456@okyesbank,12487.13,BOB,0
IND0A240E85C9,user8358@oksbi,user5695@oksbi,14006.27,IndusInd,0
IND8B351626C2,user2161@okaxis,user6823@okyesbank,8977.4,IndusInd,0
AXI0707F2D1FF,user9992@okhdfcbank,user1625@okaxis,27727.7,Axis,0
PNB16632F66B9,user5574@okicici,user5111@okhdfcbank,28691.69,PNB,0
ICI6B9C247261,user2076@oksbi,user2268@okicici,4087.92,ICICI,0
SBI07EA60CEB9,user5006@okicici,user3244@okaxis,8143.78,SBI,0
HDFA1BF6C97E8,user1273@okyesbank,user6765@okaxis,1034.91,HDFC,0
BOBB640BEDE7E,user9922@okaxis,user3863@okicici,10827.48,BOB,0
KOTDEE8C1CA61,user7045@okyesbank,user1390@oksbi,8488.15,Kotak,0
IND3824FFAD95,user3140@okhdfcbank,user4122@okyesbank,21769.41,IndusInd,0
BOB9C0C825FB2,user9451@okyesbank,user1853@oksbi,43897.42,BOB,0
SBIE3062EA114,user7342@okhdfcbank,user2096@oksbi,44662.66,SBI,0
SBI9698F8018F,user1067@oksbi,user7918@okyesbank,44256.73,SBI,0
INDACBA91115E,user8024@oksbi,user2370@oksbi,46348.01,IndusInd,0
HDF732B106DE1,user8215@okyesbank,user2442@okaxis,48922.38,HDFC,0
KOT7CF3A53694,user1174@okaxis,user5188@okyesbank,40826.05,Kotak,0
AXIA57880465E,user9877@okyesbank,user3181@okhdfcbank,33665.0,Axis,0
IND0DA45EC8B3,user7369@okaxis,user4703@oksbi,7957.35,IndusInd,0
PNB97E35F84C9,user8336@okyesbank,user6424@okhdfcbank,44559.42,PNB,0
YES485249A1B5,user8296@okicici,user3458@okhdfcbank,17867.16,YesBank,0
ICI3B3EAB6456,user6176@okaxis,user8534@okhdfcbank,36625.13,ICICI,0
BOB4952B5130A,user7668@okaxis,user2467@okhdfcbank,8623.81,BOB,0
INDB886AE1289,user6668@okaxis,user7763@okyesbank,43487.02,IndusInd,1
AXID0DA3F3039,user9704@okaxis,user4678@okicici,25871.48,Axis,1
BOB47BE2C86BE,user1632@okicici,user2025@oksbi,9868.51,BOB,0
PNBF394D68659,user5222@okyesbank,user1605@okaxis,6634.86,PNB,0
AXI6FC200601F,user6318@okaxis,user9658@okhdfcbank,25737.97,Axis,1
KOT71029D8621,user7606@okyesbank,user3942@okhdfcbank,25567.28,Kotak,1
BOB50C4341E17,user2452@okaxis,user3289@okicici,36096.76,BOB,0
CANA2464D3390,user3252@okhdfcbank,user5622@okyesbank,25982.61,Canara,0
IND9BDB2E0A72,user2863@oksbi,user1689@okyesbank,47345.02,IndusInd,0
SBIC8C36033D9,user3707@okicici,user8957@okaxis,18072.83,SBI,0
KOT0958D3A5CD,user7914@okhdfcbank,user8243@okaxis,12975.47,Kotak,0
KOTDF9196D9D2,user8345@okhdfcbank,user6076@okhdfcbank,38315.69,Kotak,0
HDF8D8B0C6A89,user4293@okhdfcbank,user2988@okicici,45617.48,HDFC,0
KOT99FC14E8AA,user2712@okicici,user5886@okyesbank,15581.32,Kotak,0
YES57F5E319E8,user4938@okicici,user9509@oksbi,17557.35,YesBank,0
KOT1D8F834231,user2476@okaxis,user2890@okyesbank,37585.76,Kotak,0
HDFB09603D809,user7291@okaxis,user3200@oksbi,27736.44,HDFC,1
HDF88339ADE3A,user6867@okyesbank,user1088@oksbi,20557.32,HDFC,0
HDF0BBA8A90A6,user9308@okyesbank,user9140@okhdfcbank,10462.28,HDFC,0
HDF9C6DF00AE7,user5325@okhdfcbank,user2037@okhdfcbank,31659.58,HDFC,0
INDB392E44FE7,user4339@okyesbank,user3394@oksbi,34135.53,IndusInd,0
PNB4DA0812F23,user4258@oksbi,user7715@okicici,24820.25,PNB,0
AXI18C3C52B76,user3001@okicici,user4919@okyesbank,27353.5,Axis,0
ICI5C2679535D,user2915@okaxis,user3014@okyesbank,35666.92,ICICI,0
KOT43D4FF7F2D,user1901@okaxis,user8831@okaxis,42908.8,Kotak,0
AXI16BFFDB8DF,user3332@okaxis,user5020@okicici,38727.88,Axis,0
YES9A4A8656DB,user3700@okicici,user7931@oksbi,46805.73,YesBank,0
INDE5BACC03FA,user5906@okyesbank,user9198@okaxis,18501.76,IndusInd,0
SBI7FD1517917,user5797@okyesbank,user2967@okhdfcbank,1756.3,SBI,0
CAN13D5EFB2E5,user7280@oksbi,user9297@okhdfcbank,26540.5,Canara,0
HDF4AC54EC4CA,user9420@okhdfcbank,user6654@okyesbank,45801.19,HDFC,0
YESC63A793EA4,user3153@okhdfcbank,user1014@okicici,29894.43,YesBank,0
CAN5A418674EE,user5274@okhdfcbank,user2707@oksbi,9735.16,Canara,0
IND2826186E87,user2294@okicici,user5153@oksbi,32086.99,IndusInd,0
ICI4F43C9A101,user1533@okhdfcbank,user8765@okicici,20346.92,ICICI,0
YES4595F93A09,user6518@oksbi,user5862@okhdfcbank,16375.49,YesBank,0
PNB6CB820DDC6,user7738@okaxis,user5843@okyesbank,378.26,PNB,1
SBI923881CF9E,user1140@okicici,user8950@okhdfcbank,38966.77,SBI,0
HDFF90556295C,user7260@okhdfcbank,user9522@okhdfcbank,30347.02,HDFC,0
PNB5981684CAB,user1944@okhdfcbank,user7140@okicici,13652.52,PNB,0
BOB3ACA6EFA10,user5709@okaxis,user8916@okhdfcbank,18924.5,BOB,0
BOB24B3B48F5B,user7579@okhdfcbank,user8550@oksbi,7395.29,BOB,1
CAN32CBFE13B1,user2507@okaxis,user9040@okyesbank,25041.59,Canara,0
SBI9474AB656C,user4849@okyesbank,user8684@okaxis,32326.17,SBI,0
YES9671193924,user1051@okaxis,user3043@okyesbank,46119.15,YesBank,0
SBI46B7486B3D,user9050@okicici,user9904@okicici,43386.98,SBI,0
BOB468B086B44,user1015@okyesbank,user6750@okicici,36405.01,BOB,1
YESD1DBC1394E,user8700@okyesbank,user7106@oksbi,25362.92,YesBank,0
PNB03A04474BA,user5199@okaxis,user5944@okaxis,35257.8,PNB,0
BOB6FC597A1AF,user4963@okicici,user8491@okhdfcbank,36199.32,BOB,0
SBI424277A389,user3209@okicici,user8586@okaxis,8217.6,SBI,0
AXI6C44D0F64B,user9811@okaxis,user5522@okicici,16965.21,Axis,0
SBIB5F5757F53,user5016@okaxis,user5832@okhdfcbank,21413.52,SBI,0
AXI5143FB748F,user3144@okyesbank,user3654@okhdfcbank,247.67,Axis,0
HDF6FE30C133C,user2766@okicici,user1847@okaxis,36596.17,HDFC,0
HDFA6B648F157,user9539@okicici,user9078@okyesbank,48233.72,HDFC,1
YES68B6DF4481,user2902@okyesbank,user6002@okyesbank,2202.77,YesBank,0
HDF19E834CB73,user6838@oksbi,user8233@okaxis,14219.95,HDFC,0
IND18EDEAE820,user9310@okyesbank,user2729@oksbi,4906.98,IndusInd,0
ICI7A11845E63,user8688@oksbi,user4292@okicici,40538.41,ICICI,0
SBI8615225AD3,user5410@okicici,user2193@okhdfcbank,25436.27,SBI,0
PNB2BE171DC6D,user4819@okhdfcbank,user4375@okyesbank,27659.21,PNB,0
HDF4100FE7DDD,user6313@okaxis,user5414@oksbi,43105.47,HDFC,0
HDF4A33FC0369,user4674@okaxis,user9665@oksbi,38982.88,HDFC,0
HDF5937CF4351,user6064@okhdfcbank,user4454@okyesbank,12882.38,HDFC,0
INDD41AD16787,user6947@okicici,user8038@okyesbank,20289.85,IndusInd,1
PNBA00A590FA0,user2885@okhdfcbank,user9911@okaxis,30245.05,PNB,0
BOB7F5A252E93,user3950@okyesbank,user2804@okaxis,34473.32,BOB,0
PNB6D90361B78,user6876@okyesbank,user9854@okaxis,16430.18,PNB,0
BOB182DBD3F1F,user6583@oksbi,user9128@okicici,30997.9,BOB,0
YES9034F818D3,user3329@oksbi,user8940@okyesbank,13253.35,YesBank,0
PNBB48FDE5AA6,user9458@okhdfcbank,user4803@okaxis,45902.99,PNB,0
IND6DA6418F3E,user3407@okicici,user1443@okaxis,13815.5,IndusInd,0
BOBB266C28C1C,user4069@okyesbank,user2836@okyesbank,45764.69,BOB,0
KOTF6C86D66C2,user6720@okhdfcbank,user2619@okhdfcbank,27589.95,Kotak,0
AXIE2EB3B029C,user2670@oksbi,user9099@oksbi,47723.54,Axis,0
SBI37AA694F4D,user2246@okyesbank,user6498@okicici,14823.73,SBI,0
CAN36588662CD,user4836@okaxis,user8772@oksbi,42363.14,Canara,0
AXIB2797BB7C0,user1738@okicici,user4492@okicici,5648.92,Axis,0
CANDBD53E6700,user9771@okyesbank,user1018@okhdfcbank,47346.81,Canara,1
CANC7B07697A6,user9868@okicici,user1889@okyesbank,1070.07,Canara,0
ICI2DAEA6F157,user4758@okyesbank,user6091@okaxis,29537.88,ICICI,0
CANE1164534E3,user9205@okyesbank,user5924@okhdfcbank,32757.34,Canara,1
SBI9BC3310607,user9046@oksbi,user7941@oksbi,16532.22,SBI,0
ICI886ECD8B5F,user1947@okicici,user8993@okaxis,39115.2,ICICI,0
KOTE00BA53594,user7697@okhdfcbank,user4973@okaxis,42890.63,Kotak,0
IND955D0B721D,user6018@oksbi,user1186@okaxis,43737.44,IndusInd,1
PNB918D94F699,user6213@oksbi,user2597@oksbi,33002.32,PNB,0
CAN67D9ECA5FD,user6168@okhdfcbank,user9565@okaxis,48439.56,Canara,0
BOB942355D89B,user2886@okhdfcbank,user9983@oksbi,35177.8,BOB,0
SBICC05C2AB07,user3312@okaxis,user2928@okicici,16997.46,SBI,0
YES6D2BBED679,user9381@okhdfcbank,user3683@okhdfcbank,25877.28,YesBank,1
AXI33DEC632E6,user3298@okhdfcbank,user6683@okaxis,29961.29,Axis,0
CAN7B5263D6F0,user8735@okaxis,user2868@okhdfcbank,17501.4,Canara,0
PNB76C3821B73,user2190@oksbi,user9719@okyesbank,15597.49,PNB,0
YES3074FAC1B5,user3609@oksbi,user1513@okhdfcbank,2815.58,YesBank,0
HDF354880EF16,user5940@okhdfcbank,user3285@oksbi,28797.41,HDFC,0
PNB0C1A71CFDA,user6804@okhdfcbank,user7992@okaxis,47090.19,PNB,0
KOTE3C16E440E,user9321@okaxis,user7145@okyesbank,29121.41,Kotak,0
CANCFF06E06A3,user4684@oksbi,user3989@okhdfcbank,36565.75,Canara,0
HDF7A99E38EB7,user2994@okicici,user4732@okicici,1295.3,HDFC,0
IND5BB45BE5A7,user5137@oksbi,user3491@okyesbank,8406.7,IndusInd,0
ICI41B3F4E8A1,user8520@okicici,user3022@okicici,36685.14,ICICI,0
ICI5F77729F11,user5972@oksbi,user7375@okaxis,6324.52,ICICI,0
ICI8BAD20D695,user5263@okicici,user7182@okaxis,37312.38,ICICI,0
IND4F042F3994,user9018@okyesbank,user4677@okicici,12240.74,IndusInd,0
HDF73BA3F8C55,user6720@okhdfcbank,user1855@okyesbank,46930.3,HDFC,1
PNBB04A7A8FCF,user5250@okyesbank,user9417@okicici,35879.55,PNB,0
ICI15BD249E39,user6890@okhdfcbank,user2523@okhdfcbank,9661.54,ICICI,0
INDCCD54EAEF9,user3524@okyesbank,user5418@okaxis,49278.03,IndusInd,0
CANE729D3DE7D,user6832@okicici,user6562@oksbi,46128.23,Canara,0
HDFA5DD43F320,user3258@okyesbank,user6867@okhdfcbank,35006.67,HDFC,0
AXID524D6241A,user9533@okaxis,user9484@okaxis,9973.49,Axis,0
PNB68567CCD08,user2493@okhdfcbank,user3366@okaxis,41009.03,PNB,0
SBI82A2D4D311,user9692@oksbi,user8928@okicici,26023.63,SBI,0
KOT645CC0F6D5,user5009@okaxis,user7559@okyesbank,11161.71,Kotak,0
PNBC1A3C7F109,user9276@okicici,user5841@okaxis,42967.9,PNB,0
BOBE7D4862421,user7842@okicici,user1018@okicici,16424.68,BOB,0
BOBE951FC1729,user7596@okaxis,user7397@okhdfcbank,14468.44,BOB,0
KOT4CDEA01AFE,user5850@okyesbank,user7002@okaxis,7747.95,Kotak,0
ICI6B8920A1CE,user3107@okicici,user3831@okhdfcbank,34176.77,ICICI,0
INDAD70702D72,user1252@okyesbank,user3309@okyesbank,38319.31,IndusInd,0
ICIDEEF932027,user8437@okicici,user4909@okyesbank,36396.62,ICICI,0
KOT920885C500,user1950@okhdfcbank,user3193@okaxis,10284.46,Kotak,0
KOTFE4CD5F3BC,user4275@okyesbank,user5084@okyesbank,30120.26,Kotak,0
HDFB7BCE315E7,user6853@oksbi,user7359@okicici,17148.66,HDFC,0
PNB65FDF4A767,user6608@okicici,user2743@oksbi,34259.84,PNB,1
HDFC72C8AEAB0,user5080@oksbi,user4764@okhdfcbank,22932.75,HDFC,0
AXI8F39C836BF,user8644@okaxis,user2420@okhdfcbank,37707.3,Axis,0
BOB8EBDA6600F,user3464@okaxis,user7796@okicici,41085.46,BOB,0
PNB063CBB564C,user7049@okyesbank,user6350@okhdfcbank,15064.47,PNB,1
PNBF54ACD65DC,user3299@okhdfcbank,user5688@okicici,1788.66,PNB,0
INDD22EDAD9DF,user3922@okicici,user1375@okicici,42513.46,IndusInd,0
YESDD29A7C427,user6340@okicici,user2334@okaxis,45760.01,YesBank,0
BOB76AB1DA0AC,user3254@okaxis,user7485@okaxis,25784.55,BOB,0
ICICF307AF5B7,user2058@okhdfcbank,user6711@okaxis,29258.52,ICICI,0
ICIAD61D6D2F4,user2828@oksbi,user6031@okicici,46374.57,ICICI,0
BOB17AA699AFF,user4992@okaxis,user5863@okhdfcbank,27625.82,BOB,0
ICI221F2F9384,user1125@okaxis,user8792@okhdfcbank,34092.19,ICICI,0
PNB4590EB6624,user7930@oksbi,user6108@okhdfcbank,22573.36,PNB,0
SBIA841B04B56,user4432@okyesbank,user9762@okicici,35856.8,SBI,1
AXIF4C22CCA4A,user6287@okicici,user5652@oksbi,22046.83,Axis,0
SBI7B929DBB4B,user1728@okyesbank,user1777@okaxis,32791.03,SBI,0
CAN8F6F839C19,user6056@okyesbank,user2068@okicici,49811.54,Canara,0
HDF49B8B07DB7,user1956@okicici,user4601@okyesbank,16674.11,HDFC,0
CAN4AE20B7AE1,user9655@okicici,user4748@okicici,12866.21,Canara,0
YES5A9E6E7F74,user6786@okhdfcbank,user5919@okaxis,10577.44,YesBank,0
INDAE3C023F72,user5799@okhdfcbank,user7576@okaxis,14617.86,IndusInd,0
KOT00D164A977,user7683@oksbi,user4657@okicici,34804.41,Kotak,0
YESFE0C33CDA7,user7352@okyesbank,user1659@okyesbank,34168.18,YesBank,0
PNBF8AB37536F,user5890@okicici,user6077@oksbi,41389.17,PNB,0
AXI13429880A3,user6777@okhdfcbank,user2980@okaxis,35933.24,Axis,0
AXI520120BB4E,user3211@okicici,user6752@okaxis,46779.51,Axis,0
BOB533230B104,user5386@okicici,user1694@okicici,7730.26,BOB,0
ICI54C428C73F,user4605@oksbi,user5555@okicici,1891.95,ICICI,0
BOB6B9A4DBA2C,user5106@okhdfcbank,user6404@okicici,15425.97,BOB,1
INDAF4FDD2C5A,user6674@okhdfcbank,user1343@oksbi,36076.45,IndusInd,0
IND961B1273C6,user8370@okicici,user1509@okhdfcbank,41353.31,IndusInd,1
HDFCEE9386BB0,user5989@okhdfcbank,user4350@okhdfcbank,41365.22,HDFC,0
ICIE8610D0615,user8677@okaxis,user3748@okaxis,19464.95,ICICI,0
YESC493F7625A,user7519@oksbi,user3840@oksbi,34745.56,YesBank,0
ICIB9B5C135C5,user9464@okaxis,user4057@okhdfcbank,3691.39,ICICI,0
HDFC38B682AF1,user1497@oksbi,user4309@okaxis,23942.51,HDFC,0
BOB88422F952B,user8861@okhdfcbank,user1777@okyesbank,25897.23,BOB,1
BOB22FB9D6FD6,user8347@okhdfcbank,user4313@okicici,15355.09,BOB,0
CAN4FCCBA5A43,user6969@okicici,user3718@okhdfcbank,16392.46,Canara,0
SBIA3C3012D0B,user1448@okaxis,user1945@okaxis,29550.92,SBI,0
HDF047277CE2E,user8774@oksbi,user9175@okicici,11892.85,HDFC,0
BOB16DD715060,user2361@okaxis,user9955@okicici,616.13,BOB,0
KOTCE9A6E9DF6,user8561@oksbi,user5259@okaxis,45239.45,Kotak,0
BOB31553F65AF,user8628@okyesbank,user3872@okicici,46530.92,BOB,0
ICIBDE588F998,user7178@okicici,user2041@okhdfcbank,14885.98,ICICI,0
KOT91D527E1AD,user3704@okyesbank,user7831@okicici,14431.62,Kotak,0
ICI30FB0DC678,user5703@okyesbank,user3299@okicici,41840.38,ICICI,0
KOTCAB31E792F,user1235@okhdfcbank,user8492@okhdfcbank,28372.39,Kotak,1
BOB4B272F6A8F,user9067@okhdfcbank,user4706@okicici,33375.39,BOB,1
HDFF9BAD78C24,user7424@okaxis,user4830@okyesbank,8337.92,HDFC,1
ICI1AAA67CACE,user6149@okhdfcbank,user2504@okicici,32446.95,ICICI,0
PNBC23535CF1B,user6076@okicici,user8702@okhdfcbank,40720.82,PNB,1
PNB067A0352C7,user4709@okhdfcbank,user7556@okicici,8723.12,PNB,0
BOB7BE9AB91AA,user3602@okyesbank,user2996@okicici,28046.68,BOB,0
HDF20B915F7FF,user7709@okicici,user4101@okicici,28077.77,HDFC,0
HDFFB5CFBD86C,user7496@okicici,user9401@okyesbank,10599.01,HDFC,0
ICI2A6A186C59,user9614@okaxis,user5716@okaxis,4411.07,ICICI,0
ICIAAC2AAD86A,user4174@okhdfcbank,user9127@okyesbank,5576.09,ICICI,0
SBIA5D7457DEF,user5764@okaxis,user2830@okhdfcbank,23078.01,SBI,0
ICIFC661E0970,user6952@okaxis,user7902@oksbi,48459.2,ICICI,0
HDFC7FB19F5E2,user8501@okaxis,user6805@okicici,13710.63,HDFC,0
HDF9206E9415B,user7794@okaxis,user9604@okaxis,39920.43,HDFC,0
PNBFE83BBF7BA,user8381@oksbi,user5293@okhdfcbank,24581.92,PNB,0
SBIEBF1DFB0DB,user1428@okhdfcbank,user9961@okyesbank,23648.97,SBI,0
HDF4D24E59B31,user7980@okhdfcbank,user7676@okyesbank,36115.1,HDFC,0
PNB433F75E343,user9007@okhdfcbank,user9809@oksbi,9008.27,PNB,0
BOB0043F07F58,user8630@okhdfcbank,user9652@okicici,3743.0,BOB,0
INDF8D23556E6,user1691@okhdfcbank,user5605@okyesbank,23621.13,IndusInd,0
SBI85F5781E96,user8529@okhdfcbank,user9048@okhdfcbank,30008.31,SBI,0
HDF3F67EB4F58,user2633@okicici,user2219@okaxis,21991.03,HDFC,0
PNBBC4B49B88E,user2622@okhdfcbank,user1252@okhdfcbank,36772.4,PNB,0
KOT187E4844E2,user9990@okaxis,user1572@okyesbank,15231.18,Kotak,0
KOTD80FCF8651,user5969@okhdfcbank,user4904@okaxis,32742.51,Kotak,0
CAN354BC473FD,user3617@okhdfcbank,user2512@okicici,24944.14,Canara,1
BOB0F7BD34259,user3737@okaxis,user6244@okyesbank,24711.24,BOB,0
ICIC0D6CD0625,user5706@okyesbank,user2118@oksbi,25435.2,ICICI,0
IND18B4CFD455,user5650@okyesbank,user6032@okyesbank,48701.02,IndusInd,0
AXI9F2E1488D6,user5181@okicici,user4940@okicici,11891.18,Axis,0
CAN4FE7CAC05F,user6157@okyesbank,user9342@okhdfcbank,4980.33,Canara,0
AXIF365F7B3EA,user5379@okhdfcbank,user5691@okhdfcbank,41892.17,Axis,0
PNB0C2DA1D05D,user8964@okyesbank,user3668@okhdfcbank,37857.15,PNB,0
CAN0B75BDCF6C,user7464@okicici,user5586@okaxis,29737.18,Canara,0
BOB2309136B91,user3245@okaxis,user9745@okaxis,34353.07,BOB,0
ICI7059E001EF,user8739@okhdfcbank,user8349@okicici,8526.77,ICICI,0
AXI8F7976C940,user8514@oksbi,user9756@oksbi,41902.12,Axis,0
KOTAEF78C3235,user1880@okicici,user9114@okhdfcbank,20697.16,Kotak,1
INDBB49545B2B,user9739@oksbi,user6902@okaxis,15608.19,IndusInd,0
ICI51158FE2DA,user6931@okhdfcbank,user5257@oksbi,35090.88,ICICI,0
IND49A39CC83D,user4692@okicici,user8462@okicici,11568.93,IndusInd,0
CANF12C5F1C20,user2659@okicici,user9441@okicici,36640.12,Canara,0
SBI6984503820,user6514@okicici,user7679@okyesbank,38789.51,SBI,0
ICI48C0DDEAA9,user2042@okaxis,user7336@okicici,41161.36,ICICI,0
ICI49B06AA2BF,user7277@okicici,user9604@oksbi,47844.78,ICICI,0
PNBBBBC3F37B7,user4121@okyesbank,user5279@okyesbank,19232.12,PNB,0
KOTA598B30478,user4003@okyesbank,user6365@okhdfcbank,2181.89,Kotak,0
CAN9E5F9586DC,user5354@okhdfcbank,user5350@okhdfcbank,28316.21,Canara,0
AXI2F55AA6BA1,user6333@okyesbank,user1270@okaxis,46401.72,Axis,1
INDFBDFE1EE29,user7594@okhdfcbank,user1028@okhdfcbank,35362.59,IndusInd,1
YESFDEAA3E572,user2722@okicici,user1275@oksbi,8859.28,YesBank,0
AXI41FACB2ED3,user1379@okaxis,user6165@oksbi,45509.69,Axis,0
YESE7A2526923,user8891@okicici,user2374@okhdfcbank,5621.56,YesBank,0
HDFB1669BC286,user3583@okaxis,user2767@okicici,3453.55,HDFC,0
KOT273C8F1B50,user5279@okicici,user8003@okicici,39330.69,Kotak,0
BOBD32C0C7DA6,user4616@okhdfcbank,user5414@okhdfcbank,40856.48,BOB,1
BOB2270F2F9D5,user5592@okaxis,user3377@okaxis,31825.65,BOB,0
CANB2DEF361E3,user5612@okicici,user3090@okicici,2117.51,Canara,0
BOBE96A0857EA,user1778@oksbi,user7927@okaxis,9975.94,BOB,0
ICIB5F5302E5A,user3485@okhdfcbank,user6125@okyesbank,16793.26,ICICI,0
PNBA1470097B8,user3430@okaxis,user9122@okhdfcbank,25372.86,PNB,0
AXI428719911D,user3128@okicici,user5648@okyesbank,9567.75,Axis,0
YESC8B9EA37BA,user5787@okaxis,user1147@okaxis,35306.83,YesBank,0
SBIA221120740,user9258@okaxis,user3880@okhdfcbank,5399.26,SBI,0
BOB33E40D73DA,user2933@oksbi,user8100@okhdfcbank,14678.05,BOB,0
PNB45FE316E68,user4764@oksbi,user1972@oksbi,1648.77,PNB,0
BOB8C4A5FD3E0,user5104@okicici,user6037@okhdfcbank,45266.66,BOB,1
IND81BFA9417A,user3494@okaxis,user8511@okhdfcbank,48969.18,IndusInd,0
HDFB099D16B68,user7811@oksbi,user9053@okaxis,9416.92,HDFC,0
HDF7337C007F5,user2446@okaxis,user5053@okaxis,982.46,HDFC,0
SBI6AD30CC109,user3472@okhdfcbank,user4062@okaxis,22603.69,SBI,0
YES7DA024AB03,user3525@okyesbank,user3254@okyesbank,38479.03,YesBank,0
AXI22115F98E0,user4911@okyesbank,user7290@okaxis,40823.67,Axis,1
SBIE64E70E9E4,user7964@okyesbank,user8198@okaxis,24645.81,SBI,0
AXI433BF1E3E5,user7749@okicici,user4252@okyesbank,32880.28,Axis,0
PNB3E933DCCA9,user4513@okicici,user8597@okaxis,45083.2,PNB,0
HDF8FD252FE10,user1777@okaxis,user4363@okhdfcbank,46707.87,HDFC,0
IND020B918B9C,user3684@okicici,user6082@okaxis,37533.49,IndusInd,0
KOT043BAB618D,user8972@oksbi,user9770@okyesbank,10975.39,Kotak,0
CAN2CB7DE547D,user3401@okyesbank,user8205@okyesbank,16511.65,Canara,0
KOT91E012B759,user2463@oksbi,user2312@okyesbank,37070.04,Kotak,0
YESD71A4AE883,user7743@okicici,user5912@oksbi,48358.41,YesBank,0
PNB09ECC35780,user3242@okhdfcbank,user1659@okhdfcbank,14799.04,PNB,0
PNB7B13C01493,user3328@okaxis,user1854@oksbi,33140.15,PNB,0
AXIA8D8A9748C,user1779@okyesbank,user5974@okicici,20210.11,Axis,0
YESC7D28436C8,user5470@oksbi,user9893@okaxis,32886.91,YesBank,0
AXIE42BF2D0CF,user7523@oksbi,user3206@oksbi,13160.2,Axis,0
KOT7CA66136D4,user6235@okaxis,user5840@oksbi,36273.89,Kotak,0
AXIB700BD1057,user5670@okyesbank,user1267@okaxis,20379.0,Axis,0
CAN5F971645D1,user8718@oksbi,user1276@okaxis,21315.92,Canara,0
KOTC3875DE4A7,user8696@oksbi,user1988@okaxis,39839.78,Kotak,0
YES418C0AD5AB,user7778@okicici,user4812@okyesbank,2897.54,YesBank,0
AXIF607439DC4,user2218@okhdfcbank,user1368@oksbi,22929.39,Axis,0
KOTE2F2AFE100,user5504@okhdfcbank,user3061@okhdfcbank,47266.2,Kotak,0
AXIA8ABE8DC2F,user8612@okyesbank,user9600@okicici,17454.84,Axis,0
HDFA71EFD8096,user6631@okhdfcbank,user6653@okyesbank,33787.63,HDFC,0
YES491A1681C7,user5824@okicici,user7541@oksbi,13193.04,YesBank,0
CAN4E5189092B,user6153@okicici,user8611@okyesbank,4884.3,Canara,0
BOBCB48283066,user9308@okyesbank,user2318@okyesbank,3593.18,BOB,0
SBI64EF5258BB,user2160@oksbi,user4560@okyesbank,38243.11,SBI,1
ICI178B8AC3C4,user7456@okyesbank,user8377@okyesbank,47145.34,ICICI,1
SBI67D824A294,user3769@oksbi,user5786@okicici,24850.72,SBI,0
SBICEBC35503E,user5163@okaxis,user7197@okaxis,23332.7,SBI,0
KOT12191EB4EA,user4538@okyesbank,user7928@okyesbank,14007.09,Kotak,0
KOT1D9D8FFE82,user6145@okhdfcbank,user2605@okaxis,33228.98,Kotak,0
HDF126B0DC961,user5217@oksbi,user7879@oksbi,39233.76,HDFC,0
BOB42FC8BBC44,user4832@okhdfcbank,user8075@okaxis,36403.81,BOB,0
KOT8B867E9E72,user4928@okhdfcbank,user2191@okyesbank,47241.84,Kotak,0
HDF3FBA22F351,user6314@okhdfcbank,user5135@okicici,36428.7,HDFC,0
ICIF10D78A42E,user4932@okaxis,user6979@okyesbank,17311.52,ICICI,0
YESCE5945D320,user3186@oksbi,user6603@okyesbank,17594.91,YesBank,1
CAN6E6A811325,user6134@okaxis,user3000@okyesbank,18806.6,Canara,0
HDF5CBB5AAF28,user7426@oksbi,user8745@okaxis,27301.56,HDFC,0
HDFCF758BAFD1,user9603@okhdfcbank,user8539@okicici,18118.9,HDFC,0
BOB008FD5C76E,user1880@okaxis,user9407@okhdfcbank,11948.32,BOB,0
ICI48A5174179,user1527@okicici,user7593@okyesbank,40121.63,ICICI,0
YESD4F427C69F,user1443@okyesbank,user7909@okaxis,48901.53,YesBank,0
AXI3198834822,user4287@okhdfcbank,user2248@okaxis,47810.72,Axis,0
CANDEB939C454,user5956@okicici,user5276@okicici,3869.39,Canara,0
ICI2CC16A6DF4,user9139@okyesbank,user9156@okicici,16591.84,ICICI,0
PNBD97B48EFC4,user7127@oksbi,user8501@okyesbank,2162.44,PNB,0
BOB33FAC0BFB9,user8036@okaxis,user9134@okaxis,24811.85,BOB,0
YESFD40DB9DC6,user3439@okicici,user3267@oksbi,16449.73,YesBank,0
BOBFE788FDFA6,user2360@okicici,user9943@oksbi,45435.84,BOB,0
CAN00A8FF839B,user6729@okyesbank,user9863@oksbi,34083.14,Canara,0
BOB2F0E3CE2D3,user7555@okicici,user9499@okicici,13662.01,BOB,0
KOT8D307225A2,user8391@okaxis,user2136@okhdfcbank,31007.81,Kotak,0
SBI723DCC9548,user1577@okhdfcbank,user7138@okhdfcbank,4723.01,SBI,0
BOB098D6FEB38,user8736@okicici,user8211@oksbi,39690.83,BOB,0
HDF0614C828AA,user8314@okyesbank,user4595@okhdfcbank,13347.16,HDFC,0
PNB9C03A8464D,user4185@okaxis,user9445@oksbi,34015.0,PNB,1
ICIB4350684C4,user3761@okyesbank,user9374@okicici,33505.88,ICICI,1
BOB9AF3CD81F4,user9957@okhdfcbank,user6705@okhdfcbank,34666.87,BOB,0
ICI2E7D5BD1E2,user6484@okicici,user1050@okyesbank,33262.6,ICICI,0
PNB31A1B415C2,user9252@okaxis,user3100@okyesbank,13526.21,PNB,1
HDF7DFAE7F250,user3675@oksbi,user9742@okaxis,38895.93,HDFC,0
BOB7E7E1D1B40,user5433@okaxis,user9685@okaxis,8633.71,BOB,0
PNBEFBA40E3DB,user8900@okhdfcbank,user5672@okhdfcbank,41699.97,PNB,0
ICIAF9B741A91,user5842@okyesbank,user2286@okhdfcbank,20464.44,ICICI,0
HDF8C5E5D97D6,user1580@okicici,user2548@oksbi,12018.33,HDFC,0
YES29EF6DB59C,user9817@oksbi,user1614@okyesbank,7015.18,YesBank,1
PNB87CBC23BFF,user3766@oksbi,user9733@oksbi,22945.3,PNB,0
BOB06764079F4,user4907@okicici,user4414@oksbi,27890.23,BOB,0
YES90DDF4727F,user7917@okhdfcbank,user9996@oksbi,22477.25,YesBank,1
SBIC693133899,user9644@okhdfcbank,user6089@okaxis,16522.47,SBI,0
PNB090F8E3FE5,user4329@okhdfcbank,user1414@okaxis,35581.74,PNB,0
KOTB26D28DD67,user1748@okhdfcbank,user5002@okyesbank,23069.81,Kotak,0
INDF6F3E5FB47,user9418@okaxis,user7434@okaxis,49350.56,IndusInd,0
YES539DDA28ED,user2502@oksbi,user4799@oksbi,10581.35,YesBank,0
KOTA96683773D,user8569@okaxis,user5239@okhdfcbank,33696.75,Kotak,0
ICIBF5F944D61,user6306@okicici,user2474@okaxis,26022.54,ICICI,0
IND28C09EFB80,user8113@okyesbank,user1352@okhdfcbank,28837.89,IndusInd,0
ICI6FB36BF0F3,user1190@okicici,user4886@okhdfcbank,42993.52,ICICI,0
BOB86F582F689,user2071@okhdfcbank,user9968@okicici,14418.98,BOB,0
PNB556F79EACD,user8232@okaxis,user8641@oksbi,3840.19,PNB,0
SBI452C4845E2,user9010@okicici,user2885@okicici,18070.59,SBI,0
PNB2B4496592F,user3503@okyesbank,user2806@okhdfcbank,29081.38,PNB,0
ICI69AEE6C6EE,user6589@okaxis,user1203@okaxis,45158.56,ICICI,0
KOTC43A1953EB,user2305@okaxis,user8179@okyesbank,25969.61,Kotak,0
BOBF3AE67CE07,user7370@oksbi,user8701@oksbi,15571.07,BOB,0
KOT25E2EA1EF0,user9694@okhdfcbank,user8483@okhdfcbank,48323.31,Kotak,0
BOB0899EBFA24,user2249@okicici,user3583@okhdfcbank,45361.62,BOB,0
INDC3A8BF15AD,user8486@okicici,user1157@okyesbank,34597.47,IndusInd,0
IND3D653ECD54,user1008@oksbi,user7253@okhdfcbank,29898.42,IndusInd,0
CANA247B9C2EA,user5048@okaxis,user7774@okicici,8334.08,Canara,0
SBI05C16C46BA,user5575@okyesbank,user6171@okyesbank,22841.24,SBI,0
KOT2C603417DB,user6019@okhdfcbank,user6759@okaxis,2603.15,Kotak,0
AXIDB6FB41822,user4760@okaxis,user1670@okicici,49454.68,Axis,1
CAN6893A26A0B,user5893@okhdfcbank,user7029@okaxis,19506.29,Canara,0
SBIF519949494,user4204@okyesbank,user6444@okhdfcbank,71.92,SBI,0
SBI0973149A7B,user2194@oksbi,user9160@okyesbank,5052.16,SBI,0
YES9630E3AE9D,user9317@okhdfcbank,user3751@okyesbank,972.85,YesBank,1
CAN1C2884A23C,user1287@oksbi,user7200@oksbi,30889.08,Canara,0
CAN5CB815AB94,user7873@oksbi,user5097@okaxis,32259.13,Canara,0
INDCE64013E83,user3145@okhdfcbank,user3451@okicici,33474.47,IndusInd,0
INDB95AE95DF6,user5928@okhdfcbank,user2647@oksbi,36924.34,IndusInd,0
HDFD77C79BD80,user2999@okicici,user4723@okicici,25410.44,HDFC,0
PNBD887290501,user7256@okicici,user6522@okicici,16831.18,PNB,0
HDFDD6CEA78A4,user2165@okaxis,user9952@oksbi,49085.13,HDFC,0
BOB411BEDFB3A,user4277@okaxis,user4068@okicici,41399.4,BOB,0
INDF11CE3841A,user8675@okyesbank,user6123@okhdfcbank,32814.27,IndusInd,0
HDF00EBA93CD1,user9928@okicici,user1271@oksbi,5818.24,HDFC,1
CANEA7A842D24,user6209@okhdfcbank,user8835@okhdfcbank,38053.07,Canara,0
AXIF8C8F9F20F,user6039@okicici,user4413@okaxis,1686.35,Axis,0
HDF80BB05C4D6,user6339@okhdfcbank,user1199@okaxis,38958.26,HDFC,0
SBI081B9EAE19,user7232@oksbi,user1678@oksbi,43401.35,SBI,0
AXI55F07A5AB3,user7375@okicici,user2700@okhdfcbank,48658.89,Axis,0
INDF490629C69,user1412@okyesbank,user7070@okicici,32625.72,IndusInd,0
AXI93BDFBE581,user3349@okicici,user3717@okicici,1213.84,Axis,0
KOT61446AC5E3,user8957@okicici,user4515@okyesbank,33308.32,Kotak,0
KOTEF547B2A52,user6705@oksbi,user9979@okicici,47147.26,Kotak,0
SBI4C2EC20419,user2426@okicici,user9004@okhdfcbank,19223.51,SBI,0
CAN7216CC5056,user9447@okicici,user2867@okhdfcbank,21817.9,Canara,0
CAN2CBD6281CD,user2290@okaxis,user8971@okhdfcbank,1472.32,Canara,0
CAN8D0D1DFDD2,user6710@okaxis,user2820@oksbi,44652.81,Canara,0
CAN7741F1E5C6,user7825@okaxis,user4892@oksbi,31453.96,Canara,0
ICI6905569180,user8328@okaxis,user2954@okaxis,33894.82,ICICI,1
HDFCC19B08716,user8224@okaxis,user3400@okyesbank,23611.71,HDFC,0
IND99DB064906,user5164@okaxis,user8811@okaxis,35773.62,IndusInd,0
YESAA6ACB9490,user7893@okicici,user1860@okaxis,27667.14,YesBank,0
KOTDCDBE7F0DF,user3072@okaxis,user3875@okicici,11226.0,Kotak,0
SBI65F3D07ECB,user4209@okhdfcbank,user9892@okhdfcbank,40800.69,SBI,0
SBID0835BD4A9,user9607@oksbi,user1414@okaxis,6147.38,SBI,0
BOB3CD94BCB6A,user3579@okhdfcbank,user2789@okaxis,13002.77,BOB,0
SBI7F15008833,user7306@oksbi,user8347@okyesbank,41085.67,SBI,0
SBI27E0A2D45E,user1359@okaxis,user1260@okyesbank,6099.16,SBI,0
HDFBE68D8D2D4,user1853@oksbi,user3961@oksbi,12086.64,HDFC,0
